﻿<?xml version="1.0" encoding="UTF-8"?>
<ConfigDumpInfo xmlns="http://v8.1c.ru/8.3/xcf/dumpinfo" xmlns:xen="http://v8.1c.ru/8.3/xcf/enums" xmlns:xs="http://www.w3.org/2001/XMLSchema" xmlns:xsi="http://www.w3.org/2001/XMLSchema-instance" format="Hierarchical" version="2.15">
	<ConfigVersions>
		<Metadata name="Catalog.Офисы" id="5f12fc53-69b3-4005-9af6-d24bf056a554" configVersion="bbf8711bb7ad9c4fa257056756a251a500000000">
			<Metadata name="Catalog.Офисы.Attribute.Телефон" id="a23567ed-b6d8-488d-96c4-281a9f6718b8"/>
			<Metadata name="Catalog.Офисы.Attribute.Адрес" id="b5222d86-fd49-4165-b6ec-11ae7f871861"/>
		</Metadata>
		<Metadata name="Catalog.Рестораны" id="fa85878f-45b5-4b05-b31e-a30a4561b932" configVersion="d61ba5e759d4bc478df7f9179cc497ba00000000">
			<Metadata name="Catalog.Рестораны.Attribute.Руководитель" id="1dd72781-84da-4cf5-a712-a560c12bbf38"/>
			<Metadata name="Catalog.Рестораны.Attribute.Телефон" id="3553f157-34f2-4f38-a696-5e3895f03c18"/>
			<Metadata name="Catalog.Рестораны.Attribute.Адрес" id="5b81bf27-87af-4221-a983-cc9185382f38"/>
			<Metadata name="Catalog.Рестораны.Attribute.ДатаОткрытия" id="bebd4699-b722-44b2-9ed7-78f835a144e8"/>
		</Metadata>
		<Metadata name="Catalog.Склады" id="6dcfb852-b325-4e73-9e23-092aa0f4ea4f" configVersion="49500973af4f6f4e99c1b4f5600b5f5c00000000">
			<Metadata name="Catalog.Склады.Attribute.Адрес" id="984dc0ed-7743-44b5-9989-30c68dd70be1"/>
			<Metadata name="Catalog.Склады.Attribute.Телефон" id="b79959a7-54cf-44d6-ac66-75ced7d8e15d"/>
		</Metadata>
		<Metadata name="Catalog.Сотрудники" id="1aa9e922-e902-49b3-af6c-7f8d875de83c" configVersion="9fd2eb11d27c2f4d8ed5d1e94708231000000000">
			<Metadata name="Catalog.Сотрудники.Attribute.Имя" id="1426bc78-c282-435c-aeff-89109776374b"/>
			<Metadata name="Catalog.Сотрудники.Attribute.Фамилия" id="30414533-8a6d-4031-8855-52050bfbc36b"/>
			<Metadata name="Catalog.Сотрудники.Attribute.Ресторан" id="4647ed18-ba5b-41ce-a442-96f74a52a4e1"/>
			<Metadata name="Catalog.Сотрудники.Attribute.ДатаРождения" id="493b8975-bfd3-49f6-ad35-df076b7b486f"/>
			<Metadata name="Catalog.Сотрудники.Attribute.Отчество" id="645600fb-f19e-4dee-9141-0575a8617f4f"/>
			<Metadata name="Catalog.Сотрудники.Attribute.Телефон" id="c50eb6c2-471c-4cf4-a7e5-7aa5ae5017e4"/>
		</Metadata>
		<Metadata name="Configuration.Конфигурация" id="58090f2f-7883-4a2d-a43f-48d0db0cbb7b" configVersion="d0b002b9d071e448b3c797e2b4b4fcf900000000"/>
		<Metadata name="DocumentNumerator.НумераторДокументов1" id="8ae7ea61-6308-4c71-be46-2cede112528c" configVersion="508418d838c4dc408d6d07158e0ee8e400000000"/>
		<Metadata name="Language.Русский" id="58c94287-8d3b-430e-a593-d47cfb8c155e" configVersion="ba53ddc9cf338f489ae72f4d757e11d400000000"/>
		<Metadata name="Sequence.Последовательность1" id="7fd5c74b-67a0-45be-b43d-82a1d9bd1259" configVersion="f3b7956678b3f14f955e58a4424da99800000000"/>
	</ConfigVersions>
</ConfigDumpInfo>