﻿<?xml version="1.0" encoding="UTF-8"?>
<MetaDataObject xmlns="http://v8.1c.ru/8.3/MDClasses" xmlns:app="http://v8.1c.ru/8.2/managed-application/core" xmlns:cfg="http://v8.1c.ru/8.1/data/enterprise/current-config" xmlns:cmi="http://v8.1c.ru/8.2/managed-application/cmi" xmlns:ent="http://v8.1c.ru/8.1/data/enterprise" xmlns:lf="http://v8.1c.ru/8.2/managed-application/logform" xmlns:style="http://v8.1c.ru/8.1/data/ui/style" xmlns:sys="http://v8.1c.ru/8.1/data/ui/fonts/system" xmlns:v8="http://v8.1c.ru/8.1/data/core" xmlns:v8ui="http://v8.1c.ru/8.1/data/ui" xmlns:web="http://v8.1c.ru/8.1/data/ui/colors/web" xmlns:win="http://v8.1c.ru/8.1/data/ui/colors/windows" xmlns:xen="http://v8.1c.ru/8.3/xcf/enums" xmlns:xpr="http://v8.1c.ru/8.3/xcf/predef" xmlns:xr="http://v8.1c.ru/8.3/xcf/readable" xmlns:xs="http://www.w3.org/2001/XMLSchema" xmlns:xsi="http://www.w3.org/2001/XMLSchema-instance" version="2.15">
	<Sequence uuid="7fd5c74b-67a0-45be-b43d-82a1d9bd1259">
		<InternalInfo>
			<xr:GeneratedType name="SequenceRecord.Последовательность1" category="Record">
				<xr:TypeId>afff56ed-2764-4a16-ae35-f52a22c5ba27</xr:TypeId>
				<xr:ValueId>248d1d1e-4367-4754-85f0-a44a12d01eef</xr:ValueId>
			</xr:GeneratedType>
			<xr:GeneratedType name="SequenceManager.Последовательность1" category="Manager">
				<xr:TypeId>488480d3-adb9-416b-b079-8dede2a4d0f7</xr:TypeId>
				<xr:ValueId>85a30a53-c0b2-415d-8913-e7d3a0c22465</xr:ValueId>
			</xr:GeneratedType>
			<xr:GeneratedType name="SequenceRecordSet.Последовательность1" category="RecordSet">
				<xr:TypeId>1a48c48b-6e7a-49a9-ba6f-32c7381191fe</xr:TypeId>
				<xr:ValueId>7bf76841-d5e2-49c9-9ee1-ffd1f1ecf915</xr:ValueId>
			</xr:GeneratedType>
		</InternalInfo>
		<Properties>
			<Name>Последовательность1</Name>
			<Synonym>
				<v8:item>
					<v8:lang>ru</v8:lang>
					<v8:content>Последовательность1</v8:content>
				</v8:item>
			</Synonym>
			<Comment/>
			<MoveBoundaryOnPosting>Move</MoveBoundaryOnPosting>
			<Documents/>
			<RegisterRecords/>
			<DataLockControlMode>Managed</DataLockControlMode>
		</Properties>
		<ChildObjects/>
	</Sequence>
</MetaDataObject>